REGION-CENTROID-COL,REGION-CENTROID-ROW,REGION-PIXEL-COUNT,SHORT-LINE-DENSITY-5,SHORT-LINE-DENSITY-2,VEDGE-MEAN,VEDGE-SD,HEDGE-MEAN,HEDGE-SD,INTENSITY-MEAN,RAWRED-MEAN,RAWBLUE-MEAN,RAWGREEN-MEAN,EXRED-MEAN,EXBLUE-MEAN,EXGREEN-MEAN,VALUE-MEAN,SATURATION-MEAN,HUE-MEAN,CLASS
79,28,9,0,0,4.277777,3.7618961,0.8333333,0.6582806,62.407406,53.444443,79.111115,54.666668,-26.88889,50.11111,-23.222221,79.111115,0.32455578,-2.1445074,3
152,155,9,0,0,0.5,0.61111104,10.777778,131.80739,7.296296,5.3333335,11,5.5555553,-5.888889,11.111111,-5.2222223,11,0.5,-2.115567,4
67,71,9,0,0,1.6666666,0.8888911,1.4999987,0.29999846,125.96296,115.55556,140.88889,121.44444,-31.222221,44.77778,-13.555555,140.88889,0.17967218,-2.339758,1
208,34,9,0,0,1.7222224,1.7309811,0.4444445,0.50184834,14.444445,10.777778,21,11.555555,-11,19.666666,-8.666667,21,0.479958,-2.1623826,4
217,148,9,0,0,2.0555556,2.551854,1.0555553,0.5074078,29.074074,21.444445,41.555557,24.222221,-22.88889,37.444443,-14.555555,41.555557,0.4837708,-2.2379715,3
9,80,9,0,0,2.9444444,13.751853,16.666666,71.5111,23.62963,17.333334,31.666666,21.88889,-18.88889,24.11111,-5.2222223,31.666666,0.5142537,-2.4315135,2
105,139,9,0,0,0.27777782,0.107407436,0.83333325,0.52222216,6.111111,7.5555553,7.2222223,3.5555556,4.3333335,3.3333333,-7.6666665,7.5555553,0.5326279,-0.96594584,0
145,102,9,0,0,0.88888866,0.6074083,2.611111,1.4851857,23.074074,22.11111,29.777779,17.333334,-2.8888888,20.11111,-17.222221,29.777779,0.41776258,-1.6854404,0
150,158,9,0,0,2.166667,1.6333338,1.388889,0.41851807,8.444445,7,12.222222,6.111111,-4.3333335,11.333333,-7,12.222222,0.50308645,-1.9434487,3
219,176,9,0,0.11111111,2.1111119,1.857917,5.111111,2.8414931,60.296295,53.333332,75.66667,51.88889,-20.88889,46.11111,-25.222221,75.66667,0.31446242,-2.0306482,6
89,221,9,0,0,1.3888888,1.4851848,1.4444445,1.5851862,14.074074,10.666667,12.444445,19.11111,-10.222222,-4.888889,15.111111,19.11111,0.44601154,2.3172119,5
120,136,9,0,0,0.61111116,0.4185187,1.0000001,0.4444444,6.259259,7.7777777,7.2222223,3.7777777,4.5555553,2.8888888,-7.4444447,8,0.52954143,-0.92460656,0
208,240,9,0.11111111,0,1.0555557,0.86296326,2.4444444,5.007407,14.148149,10.888889,13,18.555555,-9.777778,-3.4444444,13.222222,18.555555,0.42162097,2.3924873,5
165,99,9,0,0,0.88889056,0.47407392,0.7777786,0.47407353,93.40741,79,118,83.22222,-43.22222,73.77778,-30.555555,118,0.33041757,-2.2077565,1
7,18,9,0,0,1.2777786,0.7296265,0.9444453,0.37407914,138.62962,133.33334,147.55556,135,-15.888889,26.777779,-10.888889,147.55556,0.096352234,-2.2146115,1
71,180,9,0.11111111,0,1.222222,0.5629625,3,1.8666646,22.333334,18.333334,21.444445,27.222221,-12,-2.6666667,14.666667,27.222221,0.3273826,2.4538307,5
124,191,9,0,0,3.5000007,2.7386136,3.277778,2.8001328,59.74074,52.88889,74.77778,51.555557,-20.555555,45.11111,-24.555555,74.77778,0.31361094,-2.03548,6
167,189,9,0,0,3.7777774,2.2377224,3.7777774,1.544405,58.407406,51.333332,72.44444,51.444443,-21.222221,42.11111,-20.88889,72.44444,0.29552308,-2.1013258,6
206,61,9,0,0,0.5555555,0.40368673,0.4999999,0.45946813,7.0740743,4.666667,12.222222,4.3333335,-7.2222223,15.444445,-8.222222,12.222222,0.64589113,-2.0487173,4
80,87,9,0,0.11111111,24.388891,572.9964,44.722225,1386.3292,67.44444,58.77778,79,64.55556,-26,34.666668,-8.666667,79,0.30628127,-2.4221272,2
198,127,9,0,0,2.4444444,4.385187,8.555555,59.54075,40.74074,38,48.22222,36,-8.222222,22.444445,-14.222222,48.22222,0.24899939,-1.9083478,3
14,146,9,0.11111111,0,0.888889,0.4740738,1.1111112,0.7407407,10.592592,8,15.666667,8.111112,-7.7777777,15.222222,-7.4444447,15.666667,0.48786426,-2.1089108,3
21,90,9,0,0,0.66666794,0.044444147,0.7777786,0.56296283,113.48148,105.888885,128.55556,106,-22.777779,45.22222,-22.444445,128.55556,0.17969723,-2.0978148,1
18,138,9,0,0,0.88888884,0.5629629,0.83333325,0.29999986,5.740741,7.3333335,6.5555553,3.3333333,4.7777777,2.4444444,-7.2222223,7.3333335,0.5438712,-0.8621077,0
152,18,9,0,0,0.7777774,0.4554219,0.55555725,0.2721644,112.111115,97.22222,130.44444,108.666664,-44.666668,55,-10.333333,130.44444,0.2546684,-2.45498,1
156,32,9,0,0,0.77777356,0.16296418,2.6111095,1.0407379,136.2963,129.77779,146.33334,132.77779,-19.555555,30.11111,-10.555555,146.33334,0.113055356,-2.280755,1
112,30,9,0,0,0.55555725,0.2721644,1.2222227,0.7200825,113.25926,100.77778,130.11111,108.888885,-37.444443,50.555557,-13.111111,130.11111,0.22538376,-2.3853076,1
223,62,9,0,0,0.3333334,0.29814243,0.44444442,0.50184846,6.4444447,4.111111,11.444445,3.7777777,-7,15,-8,11.444445,0.6703704,-2.0487173,4
117,224,9,0,0,3.0555556,2.5596585,3.0555556,3.0215273,20.25926,15.444445,17.777779,27.555555,-14.444445,-7.4444447,21.88889,27.555555,0.44151622,2.3041532,5
29,195,9,0,0,0.44444433,0.40368652,0.61111087,0.6804136,16.037037,14.444445,13.333333,20.333334,-4.7777777,-8.111111,12.888889,20.333334,0.34230694,1.9430399,5
237,191,9,0,0,1,0.31111106,1.5,1.0111109,7.3333335,5.3333335,5.4444447,11.222222,-6,-5.6666665,11.666667,11.222222,0.5358197,2.1224225,5
77,185,9,0,0,2.944445,7.6629586,6.2222214,32.118523,32.555557,29.222221,39.666668,28.777779,-10,21.333334,-11.333333,39.666668,0.27036038,-2.0852716,6
142,33,9,0,0,0.49999872,0.62360865,0.50000125,0.3496027,110.59259,96.77778,128.66667,106.333336,-41.444443,54.22222,-12.777778,128.66667,0.24777646,-2.4080186,1
68,103,9,0,0,0.66666675,0.57777774,1.111111,0.96296334,2.148148,0.11111111,5.6666665,0.6666667,-6.111111,10.555555,-4.4444447,5.6666665,0.9876543,-2.1854658,2
232,175,9,0,0,1.1666669,0.62360954,2.8333333,2.1679492,15.37037,12.444445,13.555555,20.11111,-8.777778,-5.4444447,14.222222,20.11111,0.38741234,2.2421958,5
52,102,9,0,0,0.72222227,0.50740725,0.8333333,0.5666668,2.8888888,0.6666667,6.3333335,1.6666666,-6.6666665,10.333333,-3.6666667,6.3333335,0.89973545,-2.2617195,2
186,173,9,0,0,1.4444445,0.82963055,2.1111114,1.9851853,17.148148,13.555555,15.555555,22.333334,-10.777778,-4.7777777,15.555555,22.333334,0.39643326,2.332739,5
244,194,9,0,0,1.722222,1.14342,2.277778,2.03761,49.74074,44.444443,61.666668,43.11111,-15.888889,35.77778,-19.88889,61.666668,0.30085307,-2.0218375,6
134,187,9,0,0,1.8888887,1.5153537,2.1111114,1.7847083,59.37037,52.666668,74.111115,51.333332,-20.11111,44.22222,-24.11111,74.111115,0.30745777,-2.03348,6
130,32,9,0,0,1.1111113,1.047041,0.83333397,0.83665866,59.48148,54.22222,70.88889,53.333332,-15.777778,34.22222,-18.444445,70.88889,0.24900064,-2.042422,3
121,113,9,0,0,1.722222,1.5296303,2.944444,1.5296295,20.25926,20,25.444445,15.333333,-0.7777778,15.555555,-14.777778,25.444445,0.39658895,-1.5856091,0
151,89,9,0,0,8.388889,4.577317,0.72222203,0.38968238,31.703703,27.333334,41,26.777779,-13.111111,27.88889,-14.777778,41,0.35127252,-2.0465415,3
208,65,9,0,0,1.3888874,1.2367799,26.444445,25.537477,56.703705,52.666668,64.44444,53,-12.111111,23.222221,-11.111111,64.44444,0.19713038,-1.9708116,3
140,124,9,0,0,1,0.44444454,1.1111112,1.0518516,2.5185184,0.22222222,6.111111,1.2222222,-6.888889,10.777778,-3.8888888,6.111111,0.97376543,-2.267462,2
121,60,9,0,0,2.277778,2.329629,2.888889,2.8740742,26.74074,24.666666,35.22222,20.333334,-6.2222223,25.444445,-19.222221,35.22222,0.4223002,-1.776113,0
69,139,9,0,0,2.8333328,1.7732588,2.1111112,1.6688871,18.074074,16,22.555555,15.666667,-6.2222223,13.444445,-7.2222223,23.88889,0.38661182,-1.7028334,2
174,50,9,0,0,1.0000013,0.7601153,0.9444453,0.9525792,107.44444,94.666664,125.77778,101.888885,-38.333332,55,-16.666666,125.77778,0.2473368,-2.3372955,1
88,180,9,0,0,1.4999994,0.93689823,3.833332,2.888675,50.407406,45.22222,62.333332,43.666668,-15.555555,35.77778,-20.222221,62.333332,0.3009182,-2.0087192,6
191,119,9,0,0,1.1111107,1.2938615,0.9444459,0.772202,39.851852,36.22222,48.22222,35.11111,-10.888889,25.11111,-14.222222,48.22222,0.27171725,-2.0059998,3
162,159,9,0,0,2.1666667,0.9603238,2.2222223,1.4555128,26.11111,25.222221,29.555555,23.555555,-2.6666667,10.333333,-7.6666665,29.555555,0.20284556,-1.8025542,3
141,17,9,0.11111111,0.22222222,3.7222226,4.4493027,5,2.319004,44.592594,40.333336,54,39.444443,-12.777778,28.222221,-15.444445,54,0.26818594,-2.030048,3
226,131,9,0,0,0,0,0,0,0,0,0,0,0,0,0,0,0,0,4
229,195,9,0,0,4.166666,2.2779152,4.111111,2.2476342,47.703705,42.444443,58.88889,41.77778,-15.777778,33.555557,-17.777779,58.88889,0.29027814,-2.0527046,6
93,29,9,0,0,1.2222239,1.2296363,1.3888906,1.5740819,128.48148,119,142.77777,123.666664,-28.444445,42.88889,-14.444445,142.77777,0.16648434,-2.2977605,1
112,90,9,0,0,7.38889,6.9455557,1.2777773,0.87981415,65.18519,57.666668,79.77778,58.11111,-22.555555,43.77778,-21.222221,79.77778,0.27834544,-2.108813,3
214,161,9,0,0,3.7222223,0.72963357,11.5,18.922234,40.444443,35.333336,49.666668,36.333336,-15.333333,27.666666,-12.333333,49.666668,0.29805613,-2.198939,6
243,120,9,0,0,4.4444447,4.359749,1.5555547,1.8338387,47.851852,44.77778,56.333332,42.444443,-9.222222,25.444445,-16.222221,56.333332,0.2453213,-1.9107349,3
196,95,9,0,0,1.722222,1.1238165,1.3333335,1.264911,7.6296296,6.7777777,10.777778,5.3333335,-2.5555556,9.444445,-6.888889,10.777778,0.51256585,-1.7492584,4
60,52,9,0,0,0.7222226,0.5963011,0.7777774,0.7407436,111.62963,101,129.22223,104.666664,-31.88889,52.77778,-20.88889,129.22223,0.21837935,-2.2296848,1
176,100,9,0,0,1.9444441,0.7740748,1.4444447,0.6518514,55.37037,50.333332,66.88889,48.88889,-15.111111,34.555557,-19.444445,66.88889,0.26862052,-2.00619,3
103,216,9,0,0,0.88888884,0.6518517,2.1666663,1.1444442,14.555555,10.888889,13.666667,19.11111,-11,-2.6666667,13.666667,19.11111,0.43169576,2.4475467,5
66,160,9,0,0,3.0000007,4.044447,2.777778,0.4296295,22.851852,18.222221,31.555555,18.777779,-13.888889,26.11111,-12.222222,31.555555,0.4260139,-2.1387258,3
90,134,9,0,0,0.38888887,0.018518528,0.94444436,0.1518523,2.1111112,1,4.666667,0.6666667,-3.3333333,7.6666665,-4.3333335,4.666667,0.88148147,-2.0131435,4
250,176,9,0,0.11111111,1.611112,1.0628399,3.444444,1.6953092,53.666668,47.11111,67.66667,46.22222,-19.666666,42,-22.333334,67.66667,0.3181372,-2.0522583,6
103,125,9,0,0,0.9444445,0.82775915,0.83333343,0.6912146,1.7777778,0.44444445,3.8888888,1,-4,6.3333335,-2.3333333,3.8888888,0.9238095,-2.2375617,2
63,201,9,0,0,1.4444445,0.9185186,0.94444424,0.5518518,7.7777777,6.2222223,5.5555553,11.555555,-4.6666665,-6.6666665,11.333333,11.555555,0.54320127,1.9829868,5
124,29,9,0,0,1.0000013,0.7111076,1.0555534,0.90741664,128.44444,119.22222,142.88889,123.22222,-27.666666,43.333332,-15.666667,142.88889,0.16561614,-2.271128,1
239,93,9,0,0,3.444444,13.496301,1.0555555,0.86296237,14.407408,9.888889,22.88889,10.444445,-13.555555,25.444445,-11.888889,22.88889,0.57700235,-2.1374934,4
136,45,9,0,0,1.222222,1.5444059,2.0555553,1.5263131,53.074074,48.11111,63.77778,47.333332,-14.888889,32.11111,-17.222221,63.77778,0.25936732,-2.0459049,3
226,83,9,0,0,0.8888893,0.5185186,1.0555521,0.50740635,90.62963,74.55556,116.888885,80.44444,-48.22222,78.77778,-30.555555,116.888885,0.36206177,-2.2390528,1
54,133,9,0,0,1.5555557,1.0074074,0.50000006,0.3444443,5.3703704,3.6666667,9,3.4444444,-5.111111,10.888889,-5.7777777,9,0.6304714,-2.0480003,4
207,115,9,0,0,1.0555555,0.3296295,0.16666669,0.033333343,1.2222222,0.44444445,2.8888888,0.33333334,-2.3333333,5,-2.6666667,2.8888888,0.93333334,-2.0655363,4
157,85,9,0,0,1.2222223,1.2412657,0.22222233,0.17213264,18.925926,14.555555,26.88889,15.333333,-13.111111,23.88889,-10.777778,26.88889,0.45902446,-2.1609125,4
1,81,9,0,0,12.166667,267.45554,9.222222,205.36296,21.333334,14,30.555555,19.444445,-22,27.666666,-5.6666665,30.555555,0.5952822,-2.438409,2
179,101,9,0,0,0.44444785,0.3851871,0.61110944,0.32963282,134.92592,126.44444,147.22223,131.11111,-25.444445,36.88889,-11.444445,147.22223,0.14110672,-2.3287346,1
4,189,9,0,0,2.0555565,3.8851852,11.722221,114.59634,26.444445,23.444445,33,22.88889,-9,19.666666,-10.666667,33,0.27147257,-2.1010017,6
140,125,9,0,0,0.66666657,0.22222227,2.6666667,3.7777781,3.925926,1.5555556,7.7777777,2.4444444,-7.111111,11.555555,-4.4444447,7.7777777,0.85319865,-2.2342408,2
146,124,9,0,0,0.4999999,0.16666664,0.38888875,0.107407376,6.037037,7.4444447,7.3333335,3.3333333,4.2222223,3.8888888,-8.111111,7.6666665,0.56349206,-1.0247301,0
11,108,9,0,0,1.3333335,0.80000025,1.3888888,0.95185167,17.666666,19,21.11111,12.888889,4,10.333333,-14.333333,21.11111,0.38875645,-1.3021333,0
107,21,9,0,0,0.66666156,0.51639783,1.1666666,0.4082483,126.77778,115.77778,141.88889,122.666664,-33,45.333332,-12.333333,141.88889,0.18402189,-2.3703718,1
8,199,9,0,0,1.6666671,0.78881073,1.3888893,0.71232533,15,13.333333,11.777778,19.88889,-5,-9.666667,14.666667,19.88889,0.40888458,1.9053026,5
112,197,9,0,0,4.2222233,2.9938211,4.9444447,3.1227946,50.333332,44.666668,62.22222,44.11111,-17,35.666668,-18.666666,62.22222,0.29632849,-2.0712209,6
21,122,9,0,0,0.44444445,0.4036867,0.44444445,0.4036867,0.5555556,0,1.2222222,0.44444445,-1.6666666,2,-0.33333334,1.2222222,0.5555556,-2.4445627,2
189,144,9,0,0,0,0,0,0,0,0,0,0,0,0,0,0,0,0,4
103,64,9,0,0,0.6666667,0.6992054,1.3333308,0.91893595,108.77778,96.333336,126.22222,103.77778,-37.333332,52.333332,-15,126.22222,0.2367968,-2.3554425,1
23,85,9,0,0,1.4444445,1.0518525,1.777778,0.96296287,17.962963,18.88889,21.88889,13.111111,2.7777777,11.777778,-14.555555,21.88889,0.39975148,-1.386867,0
22,87,9,0,0,1.8888899,1.2590423,1.1666666,0.62361073,64.03704,55.77778,80.333336,56,-24.777779,48.88889,-24.11111,80.333336,0.30969977,-2.105073,3
23,129,9,0,0,0.5,0.077777795,0.38888887,0.15185186,0.5185185,0,1.5555556,0,-1.5555556,3.1111112,-1.5555556,1.5555556,0.7777778,-2.0943952,2
93,236,9,0.11111111,0,1.7777777,2.6962965,1.9999999,0.93333334,12.518518,9.555555,10.777778,17.222223,-8.888889,-5.2222223,14.111111,17.222223,0.44724658,2.2671974,5
202,193,9,0,0,1.111112,0.7503075,3.3888881,2.489236,41.703705,37.88889,50.666668,36.555557,-11.444445,26.88889,-15.444445,50.666668,0.27838665,-1.9929975,6
86,193,9,0,0,3.2777793,1.6521593,2.222222,1.8094397,61.407406,53.666668,76.55556,54,-23.222221,45.444443,-22.222221,76.55556,0.29957896,-2.1093748,6
52,170,9,0,0,0.55555564,0.4554201,0.94444436,0.38968262,25.444445,20.11111,25.333334,30.88889,-16,-0.33333334,16.333334,30.88889,0.34911168,2.6040132,5
36,243,9,0.11111111,0,1.888889,1.8518513,2,0.7111104,13.333333,9.888889,12.111111,18,-10.333333,-3.6666667,14,18,0.4522286,2.3683105,5
191,101,9,0,0,1.111112,0.7793635,1.1111113,1.186342,45.037037,39,57.11111,39,-18.11111,36.22222,-18.11111,57.11111,0.32273299,-2.0943027,3
252,201,9,0,0,4.6111107,5.495115,5.5555553,5.795274,40.296295,35.77778,49,36.11111,-13.555555,26.11111,-12.555555,49,0.2753682,-2.1758256,6
236,117,9,0,0,0.7777786,0.40368706,1.277778,0.74286777,45.88889,39.555557,58.444443,39.666668,-19,37.666668,-18.666666,58.444443,0.33047688,-2.0994802,3
54,91,9,0,0,1.4444443,1.540741,0.8333333,0.25555572,3.2592592,0.5555556,8,1.2222222,-8.111111,14.222222,-6.111111,8,0.94481075,-2.186723,2
143,24,9,0,0,1.2777773,0.9074056,0.88888806,1.1407489,127.62963,117.666664,141.66667,123.55556,-29.88889,42.11111,-12.222222,141.66667,0.16939692,-2.349252,1
80,95,9,0,0,1.2222223,1.0074079,0.944444,0.5518514,21.407408,21.333334,26.666666,16.222223,-0.22222222,15.777778,-15.555555,26.666666,0.39043593,-1.5673273,0
42,57,9,0,0,1.3888906,0.97562754,0.99999875,0.36514837,65.703705,59.444443,79.44444,58.22222,-18.777779,41.22222,-22.444445,79.44444,0.26677614,-2.0307028,3
57,177,9,0,0,0.94444495,0.55185163,1.4444443,1.71852,19.592592,15.777778,18.444445,24.555555,-11.444445,-3.4444444,14.888889,24.555555,0.3589904,2.413262,5
57,89,9,0,0,1.7222222,1.3066783,6.1666665,4.7034264,17,13,24.555555,13.444445,-12,22.666666,-10.666667,24.555555,0.47748852,-2.1297464,4
178,185,9,0,0,2.6111119,1.8063676,3.1111114,2.2771008,49.037037,44,60.666668,42.444443,-15.111111,34.88889,-19.777779,60.666668,0.30003616,-2.006186,6
80,40,9,0,0,0.6111107,0.5741323,0.7222226,0.7722025,110.703705,96.22222,129,106.888885,-43.444443,54.88889,-11.444445,129,0.2540513,-2.4346924,1
